{
    "GradientBoostingClassifier_Base": {
        "precision": {
            "1.0": 0.9792899408284024,
            "2.0": 0.9811320754716981,
            "3.0": 1.0,
            "accuracy": 0.9812206572769953,
            "macro avg": 0.9868073387667001,
            "weighted avg": 0.9812466028353517
        },
        "recall": {
            "1.0": 0.9969879518072289,
            "2.0": 0.8813559322033898,
            "3.0": 1.0,
            "accuracy": 0.9812206572769953,
            "macro avg": 0.9594479613368728,
            "weighted avg": 0.9812206572769953
        },
        "f1-score": {
            "1.0": 0.9880597014925373,
            "2.0": 0.9285714285714286,
            "3.0": 1.0,
            "accuracy": 0.9812206572769953,
            "macro avg": 0.9722103766879887,
            "weighted avg": 0.9808017257775508
        },
        "support": {
            "1.0": 332.0,
            "2.0": 59.0,
            "3.0": 35.0,
            "accuracy": 0.9812206572769953,
            "macro avg": 426.0,
            "weighted avg": 426.0
        }
    }
}