{
    "GradientBoostingClassifier_K-Fold": {
        "precision": {
            "1.0": 0.9880398357287475,
            "2.0": 0.9788516724957402,
            "3.0": 0.9944444444444445,
            "accuracy": 0.9872985363159348,
            "macro avg": 0.9871119842229774,
            "weighted avg": 0.9872961067534028
        },
        "recall": {
            "1.0": 0.9969788519637464,
            "2.0": 0.9288135593220339,
            "3.0": 0.9942857142857143,
            "accuracy": 0.9872985363159348,
            "macro avg": 0.9733593751904982,
            "weighted avg": 0.9872985363159348
        },
        "f1-score": {
            "1.0": 0.9924847775819874,
            "2.0": 0.9529707175968433,
            "3.0": 0.9942845478669117,
            "accuracy": 0.9872985363159348,
            "macro avg": 0.979913347681914,
            "weighted avg": 0.9871519956099737
        },
        "support": {
            "1.0": 331.0,
            "2.0": 59.0,
            "3.0": 35.2,
            "accuracy": 0.9872985363159348,
            "macro avg": 425.2,
            "weighted avg": 425.2
        }
    }
}