{
    "KNeighborsClassifier_Base": {
        "precision": {
            "1.0": 0.9735294117647059,
            "2.0": 1.0,
            "3.0": 0.9705882352941176,
            "accuracy": 0.9765258215962441,
            "macro avg": 0.9813725490196079,
            "weighted avg": 0.9769538801436066
        },
        "recall": {
            "1.0": 0.9969879518072289,
            "2.0": 0.8813559322033898,
            "3.0": 0.9428571428571428,
            "accuracy": 0.9765258215962441,
            "macro avg": 0.9404003422892538,
            "weighted avg": 0.9765258215962441
        },
        "f1-score": {
            "1.0": 0.9851190476190477,
            "2.0": 0.9369369369369369,
            "3.0": 0.9565217391304348,
            "accuracy": 0.9765258215962441,
            "macro avg": 0.9595259078954731,
            "weighted avg": 0.9760963942684704
        },
        "support": {
            "1.0": 332.0,
            "2.0": 59.0,
            "3.0": 35.0,
            "accuracy": 0.9765258215962441,
            "macro avg": 426.0,
            "weighted avg": 426.0
        }
    }
}