{
    "KNeighborsClassifier_K-Fold": {
        "precision": {
            "1.0": 0.9745954508927067,
            "2.0": 0.9676209755157122,
            "3.0": 0.9816287878787879,
            "accuracy": 0.9741275890637946,
            "macro avg": 0.9746150714290691,
            "weighted avg": 0.9742163049735793
        },
        "recall": {
            "1.0": 0.9957703927492447,
            "2.0": 0.8983050847457626,
            "3.0": 0.8979365079365079,
            "accuracy": 0.9741275890637946,
            "macro avg": 0.9306706618105052,
            "weighted avg": 0.9741275890637946
        },
        "f1-score": {
            "1.0": 0.9850602057694543,
            "2.0": 0.9312557234896065,
            "3.0": 0.9376646180860403,
            "accuracy": 0.9741275890637946,
            "macro avg": 0.9513268491150338,
            "weighted avg": 0.9736627578542876
        },
        "support": {
            "1.0": 331.0,
            "2.0": 59.0,
            "3.0": 35.2,
            "accuracy": 0.9741275890637946,
            "macro avg": 425.2,
            "weighted avg": 425.2
        }
    }
}