{
    "LogisticRegression_Base": {
        "precision": {
            "1.0": 0.9822485207100592,
            "2.0": 1.0,
            "3.0": 1.0,
            "accuracy": 0.9859154929577465,
            "macro avg": 0.9940828402366865,
            "weighted avg": 0.9861655137928161
        },
        "recall": {
            "1.0": 1.0,
            "2.0": 0.8983050847457628,
            "3.0": 1.0,
            "accuracy": 0.9859154929577465,
            "macro avg": 0.9661016949152543,
            "weighted avg": 0.9859154929577465
        },
        "f1-score": {
            "1.0": 0.991044776119403,
            "2.0": 0.9464285714285714,
            "3.0": 1.0,
            "accuracy": 0.9859154929577465,
            "macro avg": 0.9791577825159914,
            "weighted avg": 0.9856012943331632
        },
        "support": {
            "1.0": 332.0,
            "2.0": 59.0,
            "3.0": 35.0,
            "accuracy": 0.9859154929577465,
            "macro avg": 426.0,
            "weighted avg": 426.0
        }
    }
}