{
    "LogisticRegression_K-Fold": {
        "precision": {
            "1.0": 0.9904577839193502,
            "2.0": 0.9825945241199479,
            "3.0": 0.9944444444444445,
            "accuracy": 0.9896492681579675,
            "macro avg": 0.9891655841612474,
            "weighted avg": 0.9896966877261912
        },
        "recall": {
            "1.0": 0.997583081570997,
            "2.0": 0.9423728813559322,
            "3.0": 0.9942857142857143,
            "accuracy": 0.9896492681579675,
            "macro avg": 0.9780805590708812,
            "weighted avg": 0.9896492681579675
        },
        "f1-score": {
            "1.0": 0.9939920588046902,
            "2.0": 0.9615587945834687,
            "3.0": 0.9942845478669117,
            "accuracy": 0.9896492681579675,
            "macro avg": 0.9832784670850236,
            "weighted avg": 0.9895158709828056
        },
        "support": {
            "1.0": 331.0,
            "2.0": 59.0,
            "3.0": 35.2,
            "accuracy": 0.9896492681579675,
            "macro avg": 425.2,
            "weighted avg": 425.2
        }
    }
}