{
    "RandomForestClassifier_K-Fold": {
        "precision": {
            "1.0": 0.9892392278919951,
            "2.0": 0.982304159645819,
            "3.0": 0.9944444444444445,
            "accuracy": 0.9887103010218172,
            "macro avg": 0.9886626106607528,
            "weighted avg": 0.9887095080425548
        },
        "recall": {
            "1.0": 0.997583081570997,
            "2.0": 0.9355932203389831,
            "3.0": 0.9942857142857143,
            "accuracy": 0.9887103010218172,
            "macro avg": 0.9758206720652314,
            "weighted avg": 0.9887103010218172
        },
        "f1-score": {
            "1.0": 0.9933879377339071,
            "2.0": 0.9581596485550931,
            "3.0": 0.9942845478669117,
            "accuracy": 0.9887103010218172,
            "macro avg": 0.9819440447186374,
            "weighted avg": 0.9885757436966142
        },
        "support": {
            "1.0": 331.0,
            "2.0": 59.0,
            "3.0": 35.2,
            "accuracy": 0.9887103010218172,
            "macro avg": 425.2,
            "weighted avg": 425.2
        }
    }
}