{
    "RandomForestClassifier_Base": {
        "precision": {
            "1.0": 0.9764705882352941,
            "2.0": 1.0,
            "3.0": 1.0,
            "accuracy": 0.9812206572769953,
            "macro avg": 0.9921568627450981,
            "weighted avg": 0.9816625241645954
        },
        "recall": {
            "1.0": 1.0,
            "2.0": 0.864406779661017,
            "3.0": 1.0,
            "accuracy": 0.9812206572769953,
            "macro avg": 0.9548022598870056,
            "weighted avg": 0.9812206572769953
        },
        "f1-score": {
            "1.0": 0.9880952380952381,
            "2.0": 0.9272727272727272,
            "3.0": 1.0,
            "accuracy": 0.9812206572769953,
            "macro avg": 0.9717893217893218,
            "weighted avg": 0.9806495538889904
        },
        "support": {
            "1.0": 332.0,
            "2.0": 59.0,
            "3.0": 35.0,
            "accuracy": 0.9812206572769953,
            "macro avg": 426.0,
            "weighted avg": 426.0
        }
    }
}