{
    "SVC_K-Fold": {
        "precision": {
            "1.0": 0.9533859205419798,
            "2.0": 0.9646938159879337,
            "3.0": 0.9724877810361681,
            "accuracy": 0.955793427230047,
            "macro avg": 0.9635225058553605,
            "weighted avg": 0.9565378941179263
        },
        "recall": {
            "1.0": 0.9981873111782477,
            "2.0": 0.8135593220338982,
            "3.0": 0.7963492063492064,
            "accuracy": 0.955793427230047,
            "macro avg": 0.8693652798537841,
            "weighted avg": 0.955793427230047
        },
        "f1-score": {
            "1.0": 0.975237762723071,
            "2.0": 0.8821299627721647,
            "3.0": 0.8723401510093891,
            "accuracy": 0.955793427230047,
            "macro avg": 0.9099026255015417,
            "weighted avg": 0.9537591709764452
        },
        "support": {
            "1.0": 331.0,
            "2.0": 59.0,
            "3.0": 35.2,
            "accuracy": 0.955793427230047,
            "macro avg": 425.2,
            "weighted avg": 425.2
        }
    }
}