{
    "SVC_Base": {
        "precision": {
            "1.0": 0.9405099150141643,
            "2.0": 0.9090909090909091,
            "3.0": 0.9655172413793104,
            "accuracy": 0.9389671361502347,
            "macro avg": 0.9383726884947946,
            "weighted avg": 0.9382130489890658
        },
        "recall": {
            "1.0": 1.0,
            "2.0": 0.6779661016949152,
            "3.0": 0.8,
            "accuracy": 0.9389671361502347,
            "macro avg": 0.8259887005649716,
            "weighted avg": 0.9389671361502347
        },
        "f1-score": {
            "1.0": 0.9693430656934306,
            "2.0": 0.7766990291262136,
            "3.0": 0.875,
            "accuracy": 0.9389671361502347,
            "macro avg": 0.8736806982732147,
            "weighted avg": 0.9349111280015623
        },
        "support": {
            "1.0": 332.0,
            "2.0": 59.0,
            "3.0": 35.0,
            "accuracy": 0.9389671361502347,
            "macro avg": 426.0,
            "weighted avg": 426.0
        }
    }
}